{
	"YTravelDistanceCompensation": 0.5,

	"StartingPositions": [
		// The best starting position is centered on the middles.
		[
			[3, 4]
		],
		// Failing that, the next best starting positions are with one foot moved outward.
		[
			[2, 4], [1, 4], [3, 6], [3, 5]
		],
		// Failing that, try positions close to the middles.
		[
			[2, 3], [1, 3], [4, 6], [4, 5]
		],
		// As a last resort, try the singles start positions. This is guaranteed to catch any singles chart start.
		[
			[0, 3], [4, 7]
		]
	],

	"ArrowData":
	[
		// P1L
		{
			"X": 0,
			"Y": 1,
			// A foot on P1L can move next to P1D, P1U, or P1R.
			"ValidNextArrows": [false, true, true, true, false, false, false, false],
			"BracketablePairingsOtherHeel": [
				// Left foot on P1L is bracketable with the heel on other arrows on P1D.
				[false, true, false, false, false, false, false, false],
				// Right foot on P1L is a crossover and not bracketable.
				[false, false, false, false, false, false, false, false],
			],
			"BracketablePairingsOtherToe": [
				// Left foot on P1L is bracketable with the toes on other arrows on P1U.
				[false, false, true, false, false, false, false, false],
				// Right foot on P1L is a crossover and not bracketable.
				[false, false, false, false, false, false, false, false],
			],
			"OtherFootPairings": [
				// Left foot on P1L supports right foot on P1D, P1U, and P1R without crossovers.
				[false, true, true, true, false, false, false, false],
				// Right foot on P1L is a crossover with no normal left foot pairing.
				[false, false, false, false, false, false, false, false],
			],
			"OtherFootPairingsOtherFootCrossoverFront": [
				// Left foot on P1L is never a crossover position.
				[false, false, false, false, false, false, false, false],
				// Right foot on P1L is a crossover with left in front when left is on P1U.
				[false, false, true, false, false, false, false, false],
			],
			"OtherFootPairingsOtherFootCrossoverBehind": [
				// Left foot on P1L is never a crossover position.
				[false, false, false, false, false, false, false, false],
				// Right foot on P1L is a crossover with left in back when left is on P1D.
				[false, true, false, false, false, false, false, false],
			],
			"OtherFootPairingsInverted": [
				// Left foot on P1L is never inverted.
				[false, false, false, false, false, false, false, false],
				// Right foot on P1L is inverted with left when left is on P1R.
				[false, false, false, true, false, false, false, false],
			],
		},

		// P1D
		{
			"X": 1,
			"Y": 2,
			// A foot on P1D can move next to P1L, P1U, P1R, or P2L.
			"ValidNextArrows": [true, false, true, true, true, false, false, false],
			"BracketablePairingsOtherHeel": [
				// Left foot on P1D uses the heel.
				[false, false, false, false, false, false, false, false],
				// Right foot on P1D uses the heel.
				[false, false, false, false, false, false, false, false],
			],
			"BracketablePairingsOtherToe": [
				// Left foot on P1D is bracketable with the toes on other arrows on P1L.
				[true, false, false, false, false, false, false, false],
				// Right foot on P1D is bracketable with the toes on other arrows on P1R.
				[false, false, false, true, false, false, false, false],
			],
			"OtherFootPairings": [
				// Left foot on P1D supports right foot on P1U, P1R, and P2L without crossovers.
				[false, false, true, true, true, false, false, false],
				// Right foot on P1D supports Left foot on P1L and P1U without crossovers.
				[true, false, true, false, false, false, false, false],
			],
			"OtherFootPairingsOtherFootCrossoverFront": [
				// Left foot on P1D is a crossover with right in front with right is on P1L.
				[true, false, false, false, false, false, false, false],
				// Right foot on P1D is a crossover with left in front when left is on P1R.
				[false, false, false, true, false, false, false, false],
			],
			"OtherFootPairingsOtherFootCrossoverBehind": [
				// None.
				[false, false, false, false, false, false, false, false],
				// Right foot on P1D is not a crossover with left in back.
				[false, false, false, false, false, false, false, false],
			],
			"OtherFootPairingsInverted": [
				// Left foot on P1D is never inverted.
				[false, false, false, false, false, false, false, false],
				// Right foot on P1D is never inverted.
				[false, false, false, false, false, false, false, false],
			],
		},

		// P1U
		{
			"X": 1,
			"Y": 0,
			// A foot on P1U can move next to P1L, P1D, P1R, or P2L.
			"ValidNextArrows": [true, true, false, true, true, false, false, false],
			"BracketablePairingsOtherHeel": [
				// Left foot on P1U is bracketable with the heel on other arrows on P1L.
				[true, false, false, false, false, false, false, false],
				// Right foot on P1U is bracketable with the heel on other arrows on P1R.
				[false, false, false, true, false, false, false, false],
			],
			"BracketablePairingsOtherToe": [
				// Left foot on P1U uses the toes.
				[false, false, false, false, false, false, false, false],
				// Right foot on P1U uses the toes.
				[false, false, false, false, false, false, false, false],
			],
			"OtherFootPairings": [
				// Left foot on P1U supports right foot on P1D, P1R, and P2L without crossovers.
				[false, true, false, true, true, false, false, false],
				// Right foot on P1U supports left foot on P1L and P1D without crossovers.
				[true, true, false, false, false, false, false, false],
			],
			"OtherFootPairingsOtherFootCrossoverFront": [
				// None.
				[false, false, false, false, false, false, false, false],
				// None.
				[false, false, false, false, false, false, false, false],
			],
			"OtherFootPairingsOtherFootCrossoverBehind": [
				// Left foot on P1U is a crossover with right in back when right is on P1L.
				[true, false, false, false, false, false, false, false],
				// Right foot on P1U is a crossover with left in back when left is on P1R.
				[false, false, false, true, false, false, false, false],
			],
			"OtherFootPairingsInverted": [
				// Left foot on P1U is never inverted.
				[false, false, false, false, false, false, false, false],
				// Right foot on P1U is never inverted.
				[false, false, false, false, false, false, false, false],
			],
		},

		// P1R
		{
			"X": 2,
			"Y": 1,
			// A foot on P1R can move next to P1L, P1D, P1U, P2L, P2D, or P2U.
			"ValidNextArrows": [true, true, true, false, true, true, true, false],
			"BracketablePairingsOtherHeel": [
				// Left foot on P1R is bracketable with the heel on other arrows on P1D and P2L.
				[false, true, false, false, true, false, false, false],
				// Right foot on P1R is bracketable with the heel on other arrows on P1D and P2L.
				[false, true, false, false, true, false, false, false],
			],
			"BracketablePairingsOtherToe": [
				// Left foot on P1R is bracketable with the toes on other arrows on P1U and P2L.
				[false, false, true, false, true, false, false, false],
				// Right foot on P1R is bracketable with the toes on other arrows on P1U and P2L.
				[false, false, true, false, true, false, false, false],
			],
			"OtherFootPairings": [
				// Left foot on P1R supports right foot on P2L, P2D, and P2U without crossovers.
				[false, false, false, false, true, true, true, false],
				// Right foot on P1R supports left foot on P1L, P1D, and P1U without crossovers.
				[true, true, true, false, false, false, false, false],
			],
			"OtherFootPairingsOtherFootCrossoverFront": [
				// Left foot on P1R is a crossover with right in front when right is on P1U.
				[false, false, true, false, false, false, false, false],
				// None.
				[false, false, false, false, false, false, false, false],
			],
			"OtherFootPairingsOtherFootCrossoverBehind": [
				// Left foot on P1R is a crossover with right in back when right is on P1D.
				[false, true, false, false, false, false, false, false],
				// None.
				[false, false, false, false, false, false, false, false],
			],
			"OtherFootPairingsInverted": [
				// Left foot on P1R is inverted with right when right is on P1L.
				[true, false, false, false, false, false, false, false],
				// Right foot on P1R is inverted with left when left is on P2L.
				[false, false, false, false, true, false, false, false],
			],
		},

		// P2L
		{
			"X": 3,
			"Y": 1,
			// A foot on P2L can move next to P1D, P1U, P1R, P2D, P2U, or P2R.
			"ValidNextArrows": [false, true, true, true, false, true, true, true],
			"BracketablePairingsOtherHeel": [
				// Left foot on P2L is bracketable with the heel on other arrows on P1R and P2D.
				[false, false, false, true, false, true, false, false],
				// Right foot on P2L is bracketable with the heel on other arrows on P1R and P2D.
				[false, false, false, true, false, true, false, false],
			],
			"BracketablePairingsOtherToe": [
				// Left foot on P2L is bracketable with the toes on other arrows on P1R and P2U.
				[false, false, false, true, false, false, true, false],
				// Right foot on P2L is bracketable with the toes on other arrows on P1R and P2U.
				[false, false, false, true, false, false, true, false],
			],
			"OtherFootPairings": [
				// Left foot on P2L supports right foot on P2D, P2U, and P2R without crossovers.
				[false, false, false, false, false, true, true, true],
				// Right foot on P2L supports left foot on P1D, P1U, and P1R without crossovers.
				[false, true, true, true, false, false, false, false],
			],
			"OtherFootPairingsOtherFootCrossoverFront": [
				// Left foot on P2L is not a crossover position. Not considering right on P1R, slightly too twisty.
				[false, false, false, false, false, false, false, false],
				// Right foot on P2L is a crossover with left in front when left is on P2U.
				[false, false, false, false, false, false, true, false],
			],
			"OtherFootPairingsOtherFootCrossoverBehind": [
				// None.
				[false, false, false, false, false, false, false, false],
				// Right foot on P2L is a crossover with left in back when left is on P2D.
				[false, false, false, false, false, true, false, false],
			],
			"OtherFootPairingsInverted": [
				// Left foot on P2L is inverted with right when right is on P1R.
				[false, false, false, true, false, false, false, false],
				// Right foot on P2L is inverted with left when left is on P2R.
				[false, false, false, false, false, false, false, true],
			],
		},

		// P2D
		{
			"X": 4,
			"Y": 2,
			// A foot on P2D can move next to P1R, P2L, P2U, and P2R.
			"ValidNextArrows": [false, false, false, true, true, false, true, true],
			"BracketablePairingsOtherHeel": [
				// Left foot on P2D uses the heel.
				[false, false, false, false, false, false, false, false],
				// Right foot on P2D uses the heel.
				[false, false, false, false, false, false, false, false],
			],
			"BracketablePairingsOtherToe": [
				// Left foot on P2D is bracketable with the toes on other arrows on P2L.
				[false, false, false, false, true, false, false, false],
				// Right foot on P2D is bracketable with the toes on other arrows on P2R.
				[false, false, false, false, false, false, false, true],
			],
			"OtherFootPairings": [
				// Left foot on P2D supports right foot on P2U and P2R without crossovers.
				[false, false, false, false, false, false, true, true],
				// Right foot on P2D supports left foot on P1R, P2L, and P2U without crossovers.
				[false, false, false, true, true, false, true, false],
			],
			"OtherFootPairingsOtherFootCrossoverFront": [
				// Left foot on P2D is a crossover with right in front when right is on P2L.
				[false, false, false, false, true, false, false, false],
				// Right foot on P2D is a crossover with left in front when left is on P2R.
				[false, false, false, false, false, false, false, true],
			],
			"OtherFootPairingsOtherFootCrossoverBehind": [
				// None.
				[false, false, false, false, false, false, false, false],
				// None.
				[false, false, false, false, false, false, false, false],
			],
			"OtherFootPairingsInverted": [
				// Left foot on P2D is never inverted.
				[false, false, false, false, false, false, false, false],
				// Right foot on P2D is never inverted.
				[false, false, false, false, false, false, false, false],
			],
		},

		// P2U
		{
			"X": 4,
			"Y": 0,
			// A foot on P2U can move next to P1R, P2L, P2D, and P2R.
			"ValidNextArrows": [false, false, false, true, true, true, false, true],
			"BracketablePairingsOtherHeel": [
				// Left foot on P2U is bracketable with the heel on other arrows on P2L.
				[false, false, false, false, true, false, false, false],
				// Right foot on P2U is bracketable with the heel on other arrows on P2R.
				[false, false, false, false, false, false, false, true],
			],
			"BracketablePairingsOtherToe": [
				// Left foot on P2U uses the toes.
				[false, false, false, false, false, false, false, false],
				// Right foot on P2U uses the toes.
				[false, false, false, false, false, false, false, false],
			],
			"OtherFootPairings": [
				// Left foot on P2U supports right foot on P2D and P2R without crossovers.
				[false, false, false, false, false, true, false, true],
				// Right foot on P2U supports left foot on P1R, P2L, and P2D without crossovers.
				[false, false, false, true, true, true, false, false],
			],
			"OtherFootPairingsOtherFootCrossoverFront": [
				// None.
				[false, false, false, false, false, false, false, false],
				// None.
				[false, false, false, false, false, false, false, false],
			],
			"OtherFootPairingsOtherFootCrossoverBehind": [
				// Left foot on P2U is a crossover with right in back when right is on P2L.
				[false, false, false, false, true, false, false, false],
				// Right foot on P2U is a crossover with left in back when left is on P2R.
				[false, false, false, false, false, false, false, true],
			],
			"OtherFootPairingsInverted": [
				// Left foot on P2U is never inverted.
				[false, false, false, false, false, false, false, false],
				// Right foot on P2U is never inverted.
				[false, false, false, false, false, false, false, false],
			],
		},

		// P2R
		{
			"X": 5,
			"Y": 1,
			// A foot on P2R can move next to P2L, P2D, and P2U.
			"ValidNextArrows": [false, false, false, false, true, true, true, false],
			"BracketablePairingsOtherHeel": [
				// Left foot on P2R is a crossover and not bracketable.
				[false, false, false, false, false, false, false, false],
				// Right foot on P2R is bracketable with the heel on other arrows on P2D.
				[false, false, false, false, false, true, false, false],
			],
			"BracketablePairingsOtherToe": [
				// Left foot on P2R is a crossover and not bracketable.
				[false, false, false, false, false, false, false, false],
				// Right foot on P2R is bracketable with the toes on other arrows on P2U.
				[false, false, false, false, false, false, true, false],
			],
			"OtherFootPairings": [
				// Left foot on P2R is a crossover with no normal right foot pairing.
				[false, false, false, false, false, false, false, false],
				// Right foot on P2R supports left foot on P2L, P2D, and P2U without crossovers.
				[false, false, false, false, true, true, true, false],
			],
			"OtherFootPairingsOtherFootCrossoverFront": [
				// Left foot on P2R is a crossover with right in front when right is on P2U.
				[false, false, false, false, false, false, true, false],
				// None.
				[false, false, false, false, false, false, false, false],
			],
			"OtherFootPairingsOtherFootCrossoverBehind": [
				// Left foot on P2R is a crossover with right in back when right is on P2D.
				[false, false, false, false, false, true, false, false],
				// None.
				[false, false, false, false, false, false, false, false],
			],
			"OtherFootPairingsInverted": [
				// Left foot on P2R is inverted with right when right is on P2L.
				[false, false, false, false, true, false, false, false],
				// Right foot on P2R is never inverted.
				[false, false, false, false, false, false, false, false],
			],
		}
	]
}